{"cameraMode":{"drawMode":0,"name":"Shaded","section":"Shading Mode"},"sceneLighting":true,"audioPlay":false,"sceneViewState":{"showFog":true,"showMaterialUpdate":false,"showSkybox":true,"showFlares":true,"showImageEffects":true,"showParticleSystems":true},"in2DMode":false,"pivot":{"x":4.847632884979248,"y":0.2869150638580322,"z":10.589008331298829},"rotation":{"x":0.020688550546765329,"y":0.0035957854706794025,"z":0.00007389105303445831,"w":-0.9997848868370056},"size":8.342977523803711,"orthographic":false}