{"cameraMode":{"drawMode":0,"name":"Shaded","section":"Shading Mode"},"sceneLighting":true,"audioPlay":false,"sceneViewState":{"showFog":true,"showMaterialUpdate":false,"showSkybox":true,"showFlares":true,"showImageEffects":true,"showParticleSystems":true},"in2DMode":false,"pivot":{"x":10.934135437011719,"y":1.4286085367202759,"z":6.302337646484375},"rotation":{"x":-0.008514472283422947,"y":-0.4044587016105652,"z":0.0037652519531548025,"w":-0.9145150184631348},"size":7.547630786895752,"orthographic":false}